tconst,ordering,nconst,category,job,characters
tt3583650,9,nm3938687,self,\N,"[""Self - Host""]"
tt4919780,10,nm1729049,editor,\N,\N
tt4729596,7,nm12240212,self,\N,"[""Self""]"
tt16270064,3,nm5689837,director,\N,\N
tt6623958,3,nm3651422,director,\N,\N
tt11163304,8,nm1143918,composer,\N,\N
tt13825006,7,nm11573075,writer,story by,\N
tt16928976,2,nm2069739,actor,\N,\N
tt6864124,9,nm1212515,actor,\N,"[""Indrajit""]"
tt27775447,9,nm14838413,self,\N,"[""Self - Contestant""]"
tt4227896,7,nm6937744,cinematographer,\N,\N
tt26759540,8,nm1672896,production_designer,\N,\N
tt16271836,7,nm6851697,self,\N,"[""Self - 3rd Hour Co-Host""]"
tt15441612,2,nm10276176,self,\N,"[""Self""]"
tt21279596,8,nm9293481,archive_footage,\N,"[""Self - National Party Leader""]"
tt0593920,6,nm0139836,writer,creator,\N
tt3552788,9,nm6309448,composer,\N,\N
tt0209206,10,nm0685503,actress,\N,\N
tt8974134,5,nm1021047,director,\N,\N
tt18083574,8,nm5321127,producer,producer,\N
tt1463831,8,nm0642143,actor,\N,"[""Harry Clooney""]"
tt10425190,9,nm1644621,writer,\N,\N
tt9833430,1,nm0807470,actor,\N,"[""Buffalo Bob""]"
tt0252354,2,nm0774385,actor,\N,"[""Marskramer""]"
tt0731914,8,nm0806973,writer,writer,\N
tt5042980,1,nm1385929,producer,producer,\N
tt1256237,7,nm0531026,actor,\N,"[""Gustav Struve""]"
tt2742364,2,nm1239305,actor,\N,"[""Octavio""]"
tt0863201,5,nm0871541,director,\N,\N
tt15171250,10,nm1958964,writer,head writer,\N
tt26745258,9,nm13124671,actress,\N,"[""Nam Ing""]"
tt1672036,5,nm0000631,self,\N,"[""Self - Guest""]"
tt10863980,8,nm2354448,writer,\N,\N
tt1834405,7,nm2051096,writer,\N,\N
tt25031226,3,nm0149235,actor,\N,"[""Samir Amarani""]"
tt9357878,7,nm4737401,writer,\N,\N
tt5612832,2,nm8052857,director,\N,\N
tt5485930,1,nm0469536,self,\N,"[""Self - Announcer""]"
tt11416424,4,nm11190333,self,\N,"[""Self""]"
tt5776620,1,nm7296556,director,\N,\N
tt6428642,1,nm0948336,self,\N,"[""Self - Host""]"
tt0073377,9,nm0734882,editor,\N,\N
tt5547608,6,nm6631047,writer,created by,\N
tt21107908,2,nm0430803,actor,\N,"[""Jagannath Choudhari (2021)""]"
tt27642459,3,nm11519800,self,\N,"[""Self - Security, Skinwalker Ranch""]"
tt0765500,2,nm3744328,actor,\N,\N
tt8952876,3,nm9511995,actress,\N,"[""Enkelin Petra""]"
tt30146903,4,nm4459786,actor,\N,"[""Daffy""]"
tt8105774,1,nm4077779,actress,\N,"[""Ema""]"
tt3790074,7,nm4562379,producer,producer,\N
tt10052218,8,nm2097520,writer,\N,\N
tt6726668,4,nm6078252,self,\N,"[""Self""]"
tt3627872,2,nm2525350,self,\N,"[""Self""]"
tt6278238,1,nm8607835,actress,\N,\N
tt26901939,7,nm0265327,producer,producer,\N
tt6234810,3,nm8720627,actress,\N,"[""Contestant""]"
tt0881393,3,nm2330831,actor,\N,"[""Lukas Vasquez""]"
tt0032885,1,nm0728811,actor,\N,"[""Tex Wright""]"
tt19079336,6,nm13048379,writer,\N,\N
tt4088664,2,nm1916590,composer,\N,\N
tt4835812,7,nm2029828,writer,executive story editor,\N
tt6413656,4,nm1682769,actor,\N,\N
tt11664856,9,nm11290760,editor,\N,\N
tt2360356,5,nm2854261,director,\N,\N
tt11179498,1,nm10695441,actress,\N,\N
tt0544595,5,nm0128434,director,\N,\N
tt14866942,7,nm12638896,self,\N,"[""Self - Contestant""]"
tt1591857,6,nm0082261,writer,dialogue writer,\N
tt5045062,2,nm0796606,actor,\N,"[""Nikita Kudasov""]"
tt10089250,10,nm0438471,writer,developed by,\N
tt16419548,4,nm0553445,actor,\N,"[""Lorenzo Ilustre""]"
tt3066808,2,nm0355910,actor,\N,"[""Leonard Swett""]"
tt4823402,5,nm10523155,director,\N,\N
tt13966002,1,nm5042664,self,\N,"[""Self"",""Presenter""]"
tt21191256,10,nm13806788,self,\N,"[""Self""]"
tt11485440,5,nm10922069,director,\N,\N
tt18044084,1,nm9637748,actor,\N,\N
tt19793694,4,nm1390361,self,\N,"[""Self - Associate Editor, The Spectator""]"
tt3262012,7,nm0258268,writer,adr writer: Sony Samurai X dub,\N
tt4631038,1,nm0319880,self,\N,"[""Self - Hostess""]"
tt2261299,6,nm2377131,actress,\N,\N
tt0998993,3,nm0645392,producer,producer,\N
tt2982800,5,nm5731029,director,\N,\N
tt2029334,2,nm1422904,self,\N,"[""Self - Hostess""]"
tt6283950,3,nm1471882,actor,\N,\N
tt12470650,6,nm1894965,writer,head writer,\N
tt7638214,1,nm9422510,actor,\N,\N
tt0530336,5,nm0946391,director,\N,\N
tt5729356,10,nm3716110,self,\N,"[""Self - Performer""]"
tt14153584,8,nm2530284,producer,producer,\N
tt10350558,2,nm0002015,self,\N,"[""Self""]"
tt6990528,5,nm2975256,director,\N,\N
tt0448205,9,nm0790456,production_designer,\N,\N
tt15734370,4,nm13393220,actor,\N,"[""Sujono""]"
tt21862424,3,nm1165110,self,\N,"[""Self - Thor""]"
tt2762726,2,nm5304830,actress,\N,"[""Tara""]"
tt15228446,2,nm4000792,actor,\N,\N
tt0906590,7,nm1016768,editor,\N,\N
tt0964408,2,nm0649638,actress,\N,"[""Esperanza Muñoz - La Monita""]"
tt28420594,7,nm0704359,actress,\N,\N
tt10561098,1,nm1688987,actor,\N,"[""Sifis Giannakakis""]"
tt29518744,2,nm14965498,actor,\N,"[""Audience Member #1""]"
tt14978478,4,nm1130096,director,\N,\N
tt22376580,1,nm1734745,actor,\N,\N
tt17521672,7,nm2421773,writer,"based on the manga ""Kami No Shizuku"" by",\N
tt8218000,9,nm0704115,writer,script,\N
tt0329310,3,nm0602905,actor,\N,"[""The Harem Keeper""]"
tt1114923,6,nm0723665,writer,\N,\N
tt15245762,3,nm12854033,writer,\N,\N
tt17492466,1,nm4745892,actress,\N,\N
tt13725096,2,nm0713073,self,\N,"[""Self - Announcer""]"
tt4723188,1,nm0005717,director,\N,\N
tt0105758,5,nm0317230,director,\N,\N
tt21093628,5,nm8407663,actress,\N,"[""Laxmi""]"
tt21966890,10,nm2218739,writer,\N,\N
tt15101964,7,nm2533090,actor,\N,"[""Ruy""]"
tt3650922,6,nm6409699,actor,\N,\N
tt21085682,6,nm2627990,self,\N,"[""Self - Panelist""]"
tt2768594,2,nm2171898,actress,\N,"[""Katrine Fønsmark""]"
tt18450900,1,nm3565542,actress,\N,"[""Mrs. Jacobs""]"
tt2711392,2,nm1463161,self,\N,"[""Self - Host""]"
tt11622762,8,nm0089887,editor,\N,\N
tt4745828,4,nm1098505,writer,composition,\N
tt1787252,9,nm0428478,actress,\N,"[""Margaret Jones""]"
tt11387258,3,nm0478680,actor,\N,"[""Emiliano Solís""]"
tt3736660,4,nm1159300,actress,\N,"[""Shipra Sharma""]"
tt14216268,9,nm0666436,editor,\N,\N
tt18347592,2,nm2428244,writer,\N,\N
tt27504348,6,nm1506101,writer,\N,\N
tt0379598,9,nm0173208,production_designer,\N,\N
tt14340078,4,nm0593306,self,\N,"[""Self""]"
tt27868411,1,nm0830476,self,\N,"[""Self - Co-Host""]"
tt7117710,4,nm0017156,actress,\N,"[""Mirtha Valdéz""]"
tt21627854,7,nm2854802,actress,\N,"[""Liu Ying""]"
tt8508666,6,nm0490013,self,\N,"[""Self - Guest""]"
tt8753946,3,nm0139177,actor,\N,"[""André""]"
tt3392314,4,nm3843961,actor,\N,"[""Shôichi""]"
tt16463306,1,nm3127550,actor,\N,"[""Selim Demir""]"
tt6854562,5,nm5090855,writer,story,\N
tt28495221,1,nm8735071,archive_footage,\N,\N
tt8876544,6,nm8827455,cinematographer,\N,\N
tt29003197,9,nm10688603,actress,\N,"[""Maew""]"
tt0939715,8,nm0496556,producer,executive producer,\N
tt30853321,3,nm2792245,self,\N,"[""Self""]"
tt10130262,9,nm9494768,writer,show creator,\N
tt28021975,10,nm0678631,actor,\N,"[""Ivan""]"
tt14710000,1,nm9635983,actress,\N,"[""Min""]"
tt28231156,3,nm12031534,actor,\N,\N
tt0774413,6,nm1261997,actor,\N,"[""Fox Crane""]"
tt8854718,5,nm0136695,director,\N,\N
tt0286645,1,nm1007279,actor,\N,\N
tt10737956,2,nm6171084,actress,\N,"[""Eliza""]"
tt6880492,2,nm0575670,actress,\N,"[""Yolanda 'Yoli' González""]"
tt1938397,7,nm0775621,production_designer,\N,\N
tt6477834,1,nm8836001,actor,\N,\N
tt21192402,8,nm1864104,self,\N,"[""Self - Contestant""]"
tt28619548,6,nm6246305,self,\N,"[""Self - Host""]"
tt10463856,5,nm0622350,director,\N,\N
tt16160574,2,nm1668321,actress,\N,\N
tt28429802,1,nm2031530,self,\N,"[""Self - Host""]"
tt5598768,2,nm5578421,actor,\N,"[""Marcus""]"
tt8843970,5,nm0160695,director,\N,\N
tt0939505,2,nm0362246,self,\N,"[""Self""]"
tt27525449,5,nm12165411,director,\N,\N
tt1950687,1,nm0001468,self,\N,"[""Self - Host""]"
tt20874342,1,nm0536093,actress,\N,"[""Karabo Moroka (1993-)""]"
tt11733254,9,nm1026557,composer,\N,\N
tt15116810,9,nm5611044,writer,\N,\N
tt18301448,8,nm3352256,writer,writer,\N
tt1380288,4,nm3336238,self,\N,"[""Self""]"
tt29538642,1,nm15172778,actress,\N,\N
tt0627753,10,nm1016317,writer,writer,\N
tt1958942,1,nm2069601,self,\N,"[""Self - Hostess""]"
tt14209510,8,nm12245050,production_designer,\N,\N
tt5450872,10,nm1591513,composer,\N,\N
tt18065696,2,nm10652177,actor,\N,"[""Vusi Mukwevho""]"
tt27053897,10,nm2969871,actor,\N,"[""Sgt. James""]"
tt5515302,8,nm5844041,composer,\N,\N
tt0563626,7,nm0085211,producer,producer,\N
tt21073246,7,nm10351772,actor,\N,\N
tt15760874,2,nm12990553,self,\N,"[""Self - Housemate""]"
tt21102250,8,nm2376921,producer,producer,\N
tt10432080,5,nm0135040,actress,\N,"[""Andrea Süsskind""]"
tt4032662,1,nm0797471,self,\N,"[""Self - Host""]"
tt1093130,1,nm1688257,self,\N,"[""Self""]"
tt3103686,4,nm0070152,writer,original story,\N
tt0187576,3,nm0820266,actress,\N,\N
tt11110780,7,nm0753826,director,\N,\N
tt7460252,6,nm0692590,director,\N,\N
tt0835890,2,nm7673457,writer,original concept,\N
tt0141319,4,nm0546735,actor,\N,\N
tt10847188,3,nm1920701,actress,\N,"[""Grace Stone""]"
tt27328513,1,nm2623289,self,\N,"[""Self - Host""]"
tt9900292,2,nm0040051,self,\N,"[""Self - Presenter""]"
tt0905013,4,nm0139264,self,\N,"[""Self - Singer""]"
tt9404158,5,nm4170386,writer,created by,\N
tt1658660,4,nm0578374,writer,head writer,\N
tt7300118,3,nm0893388,actress,\N,"[""Natalia Navarro Monroy""]"
tt0742704,9,nm0377924,actor,\N,"[""Mark Henry""]"
tt14031578,2,nm12310461,actor,\N,\N
tt17940828,4,nm13390645,actress,\N,"[""Deepali""]"
tt17518196,8,nm13109386,writer,written by,\N
tt12222838,8,nm5016982,editor,\N,\N
tt10762236,8,nm10865871,producer,producer,\N
tt8276308,4,nm0522534,actor,\N,"[""Gordon Amadio""]"
tt9344982,4,nm8015960,director,\N,\N
tt9425902,1,nm3040852,self,\N,"[""Self""]"
tt12602258,1,nm11352570,actor,\N,"[""Lakshmi and Nallamma""]"
tt12403396,2,nm1336827,self,\N,"[""Self - Contestant""]"
tt4968734,4,nm1615480,self,\N,"[""Self""]"
tt12468762,3,nm0561928,actor,\N,"[""Adam Drake""]"
tt11149280,6,nm6554045,writer,\N,\N
tt30780506,4,nm12428188,writer,\N,\N
tt21916340,1,nm10542517,actor,\N,\N
tt8949394,2,nm1250899,actor,\N,"[""Marcos Costa""]"
tt14157438,7,nm10611115,cinematographer,\N,\N
tt1463045,1,nm2848120,self,\N,"[""Self""]"
tt4848398,10,nm4007305,actress,\N,"[""Ana""]"
tt1297471,5,nm0501391,producer,producer,\N
tt3123950,4,nm5509728,self,\N,"[""Self - Correspondent""]"
tt6983658,7,nm1646562,writer,written by,\N
tt27813190,2,nm6348059,actor,\N,"[""Ates Akça""]"
tt7923628,1,nm2166842,self,\N,"[""Self - Hostess""]"
tt6290004,9,nm0553769,writer,writer,\N
tt0250951,6,nm0763579,writer,"book ""Almost a Woman""",\N
tt22165398,6,nm11501862,writer,\N,\N
tt11683526,8,nm9655063,composer,\N,\N
tt0115969,7,nm0311991,producer,producer,\N
tt6399126,4,nm4741273,actress,\N,"[""Daphnii""]"
tt0633977,10,nm0725963,production_designer,\N,\N
tt8766448,2,nm0192504,actor,\N,"[""Felipe""]"
tt11150256,2,nm1580115,actress,\N,\N
tt8723204,3,nm9456576,actor,\N,"[""Richard""]"
tt1039278,5,nm0566810,director,\N,\N
tt2439338,4,nm0670140,self,\N,"[""Self""]"
tt6282088,6,nm8390464,actor,\N,"[""John""]"
tt7192968,4,nm8188624,actress,\N,"[""Bethany aka Becktrum""]"
tt14282890,6,nm12372172,writer,\N,\N
tt15123324,1,nm0128851,writer,\N,\N
tt12662002,9,nm8990104,self,\N,"[""Self""]"
tt5480380,9,nm0317513,writer,creator,\N
tt3480738,10,nm1738604,actress,\N,"[""Paula Sievinen""]"
tt13070522,3,nm2486638,actor,\N,"[""kpt. Jaroslav Cermák""]"
tt18314282,3,nm8677975,self,\N,"[""Self""]"
tt6625610,5,nm3139046,director,\N,\N
tt0187109,8,nm0802143,writer,dialogue,\N
tt1121764,7,nm1380784,writer,written by,\N
tt3002870,5,nm0897966,composer,\N,\N
tt7712652,1,nm3312143,actor,\N,"[""Man""]"
tt2728240,4,nm3187843,actress,\N,"[""Amy Mason""]"
tt27790844,2,nm2568502,director,\N,\N
tt11402256,2,nm0990671,actress,\N,"[""Shanti""]"
tt28532000,5,nm11514927,director,\N,\N
tt2230256,4,nm3288836,actress,\N,"[""Redneck""]"
tt0162788,5,nm0908845,actress,\N,"[""Tracey Deane""]"
tt0498319,7,nm0780456,actress,\N,"[""Carol Maxwell""]"
tt4724126,1,nm2112225,self,\N,"[""Self - Host""]"
tt8625070,3,nm9871162,actor,\N,"[""Feifei""]"
tt0884209,4,nm1941020,actor,\N,\N
tt16588174,3,nm1436816,writer,\N,\N
tt7095150,7,nm4258553,actress,\N,"[""Han Ga-eun""]"
tt27936270,4,nm0203819,archive_footage,\N,"[""Self""]"
tt0649329,8,nm0051194,producer,producer,\N
tt10542480,7,nm12300410,writer,writer,\N
tt4315882,1,nm2848120,self,\N,"[""Self""]"
tt22602972,5,nm10998793,writer,\N,\N
tt26771267,1,nm2363078,self,\N,"[""Self""]"
tt1490276,5,nm0642611,director,\N,\N
tt11593132,2,nm6427507,actress,\N,\N
tt29001869,6,nm15417230,actor,\N,"[""Camp Kid""]"
tt12007664,2,nm0371624,actress,\N,"[""Kim Hughes""]"
tt10048972,6,nm2292742,director,\N,\N
tt8964978,9,nm0734570,writer,story,\N
tt15421830,4,nm3798694,self,\N,"[""Self - Co-Host""]"
tt0209884,2,nm0183970,producer,producer,\N
tt0785609,6,nm0057308,writer,written by,\N
tt29276382,6,nm7442234,director,\N,\N
tt8013220,5,nm5578472,cinematographer,\N,\N
tt28833017,6,nm1542079,director,\N,\N
tt0057319,3,nm0902820,actress,\N,"[""Mme. Martinon""]"
tt2335953,5,nm0750723,self,\N,"[""Self - Guest""]"
tt6323432,10,nm8261839,writer,dialogue,\N
tt5210440,9,nm0466889,producer,producer,\N
tt10094604,4,nm3256676,actor,\N,"[""Prabhu Garg""]"
tt1451797,5,nm0890060,director,\N,\N
tt0632503,3,nm0127172,actor,\N,"[""Leo""]"
tt30419850,5,nm12651764,director,\N,\N
tt9229034,2,nm10254032,actress,\N,"[""Extra""]"
tt20419446,10,nm2315952,actress,\N,"[""Desdemona Schmidt""]"
tt8859692,10,nm0695051,actor,\N,"[""Mário""]"
tt27443573,2,nm2807192,director,\N,\N
tt20725576,8,nm9814677,composer,\N,\N
tt2007615,3,nm0269463,self,\N,"[""Self - Guest""]"
tt6425406,4,nm0897421,actor,\N,\N
tt26827804,3,nm14591751,actor,\N,\N
tt8133500,3,nm0032793,actress,\N,"[""Chole""]"
tt0046236,10,nm0006054,composer,\N,\N
tt15730178,1,nm13047404,self,\N,"[""Self""]"
tt12829058,9,nm3213163,producer,producer,\N
tt18276118,9,nm1082674,writer,\N,\N
tt1267723,3,nm0697426,actress,\N,"[""Flavia Inostroza""]"
tt6579242,3,nm8810841,self,\N,"[""Self""]"
tt0960950,8,nm0386238,director,\N,\N
tt30227165,3,nm15536644,actor,\N,\N
tt0771452,2,nm1739966,self,\N,"[""Self""]"
tt1203945,10,nm0548767,self,\N,"[""Self""]"
tt13503856,3,nm11165522,actor,\N,"[""Wilbur""]"
tt0893348,7,nm0248597,producer,producer,\N
tt6154942,7,nm14992315,director,television director,\N
tt3218048,4,nm3099448,actor,\N,"[""Jeff""]"
tt11900566,6,nm10507251,writer,\N,\N
tt13975048,10,nm12256063,writer,\N,\N
tt0757646,9,nm0230070,cinematographer,director of photography,\N
tt7026592,7,nm0898213,director,\N,\N
tt1683850,8,nm0875979,writer,written by,\N
tt21243960,2,nm0251680,actor,\N,\N
tt14122830,4,nm0898866,self,\N,"[""Self - Model""]"
tt11694796,6,nm2953042,producer,producer,\N
tt0417489,6,nm0685658,editor,\N,\N
tt10018000,2,nm9493615,actress,\N,"[""Yildiz""]"
tt27691199,1,nm1295563,director,\N,\N
tt8030266,5,nm1244743,director,series director,\N
tt2163748,1,nm0450146,actress,\N,"[""Mme Lassart""]"
tt0772071,5,nm0406654,writer,creator,\N
tt0962412,4,nm1014204,writer,creator,\N
tt27910807,3,nm4968557,self,\N,"[""Self - Judge""]"
tt0370069,3,nm0284600,producer,producer,\N
tt3500404,10,nm0828770,self,\N,"[""Self - Announcer""]"
tt6020162,5,nm8402756,editor,\N,\N
tt3304344,5,nm0276642,director,\N,\N
tt4129036,3,nm2470204,self,\N,"[""Self - Modern Samurai""]"
tt2605436,3,nm5455188,self,\N,"[""Self - Contestant""]"
tt10700184,1,nm10130280,actress,\N,\N
tt27370939,7,nm6668295,writer,\N,\N
tt1067617,4,nm0276899,director,\N,\N
tt13984694,5,nm7956131,director,\N,\N
tt6064494,3,nm0823536,actor,\N,"[""Luc Follet""]"
tt3329178,4,nm3557613,actor,\N,"[""Ravi Ross""]"
tt27026981,5,nm10622967,director,\N,\N
tt7420846,7,nm1356343,writer,adaptation,\N
tt2154240,4,nm1354213,editor,\N,\N
tt0316630,7,nm0361882,writer,story,\N
tt14373790,3,nm8038604,director,\N,\N
tt1237114,8,nm1519146,composer,\N,\N
tt14619736,2,nm5565044,actress,\N,\N
tt20417992,5,nm0427323,director,\N,\N
tt5259966,4,nm5687461,actress,\N,"[""Jenny""]"
tt15470016,1,nm0294440,writer,writer,\N
tt28219165,2,nm0808857,actress,\N,"[""Sheira""]"
tt19047234,5,nm7897561,director,\N,\N
tt26084454,2,nm1602149,producer,producer,\N
tt8080672,4,nm5539748,producer,producer,\N
tt14627450,6,nm11579725,producer,producer,\N
tt14967802,4,nm12040739,actor,\N,"[""Monica""]"
tt9569166,4,nm4355916,self,\N,"[""Self""]"
tt8834844,1,nm9638014,self,\N,"[""Self - Correspondent""]"
tt0613850,10,nm0699425,actor,\N,"[""George Simpson""]"
tt20455346,3,nm2222214,self,\N,"[""Self""]"
tt10711606,5,nm9875682,writer,\N,\N
tt0126678,5,nm0319722,cinematographer,\N,\N
tt8953664,2,nm0033042,actor,\N,"[""Martin Martinez""]"
tt8221186,2,nm1324700,actor,\N,"[""León Inostroza""]"
tt3321626,3,nm3664990,actor,\N,\N
tt7380772,4,nm2086196,self,\N,"[""Self""]"
tt8870378,4,nm8678019,actor,\N,\N
tt28637474,5,nm10135457,director,\N,\N
tt5064384,2,nm7454685,actor,\N,\N
tt14721518,1,nm12605045,actress,\N,\N
tt11549268,4,nm11227024,director,\N,\N
tt31042193,3,nm6419602,cinematographer,\N,\N
tt7368228,3,nm0828961,actress,\N,"[""Siobhan Sharpe""]"
tt0523140,3,nm0001547,actress,\N,"[""Endora""]"
tt0847841,7,nm1861633,actor,\N,\N
tt3006052,7,nm3671705,cinematographer,director of photography,\N
tt13482768,8,nm10280732,production_designer,\N,\N
tt14509082,2,nm1320614,self,\N,"[""Self""]"
tt0670280,4,nm0000327,actress,\N,"[""Claudia Salinger""]"
tt15083348,5,nm6358321,actress,\N,"[""Sarah (Journalist)""]"
tt3655956,4,nm4102940,actress,\N,"[""Florence""]"
tt1634109,8,nm3868444,composer,\N,\N
tt0881249,6,nm0237860,cinematographer,\N,\N
tt0993800,2,nm0488662,actor,\N,"[""Carl Sack""]"
tt29808777,3,nm0499601,actress,\N,"[""Vita""]"
tt1725964,6,nm0118271,writer,creator,\N
tt7554510,4,nm0006121,composer,\N,\N
tt1312664,6,nm0840547,editor,\N,\N
tt6128418,9,nm1148739,editor,\N,\N
tt8213172,3,nm0328132,actress,\N,"[""Bianca Vidal""]"
tt0020128,5,nm0002031,director,\N,\N
tt12386588,3,nm0111820,self,\N,"[""Self - Competitor""]"
tt10762144,2,nm4110539,actress,\N,\N
tt13716574,6,nm0453258,self,\N,"[""Self - Guest Panelist""]"
tt14329308,7,nm0547183,actress,\N,"[""Corazón""]"
tt5166264,10,nm1423972,self,\N,"[""Self - Contestant""]"
tt1184731,4,nm2922254,actress,\N,\N
tt3741262,2,nm3601918,self,\N,"[""Self""]"
tt10510748,1,nm2728221,director,\N,\N
tt24320558,4,nm12226121,actor,\N,"[""Atticus""]"
tt27010146,4,nm14621389,director,\N,\N
tt0058122,6,nm0670806,writer,\N,\N
tt6587434,4,nm2031749,actress,\N,"[""Fiona Zhang""]"
tt0562755,5,nm0846117,director,\N,\N
tt20853230,2,nm0271751,self,\N,"[""Self - Presenter""]"
tt0018435,6,nm0043083,writer,screenplay,\N
tt22469650,5,nm1491593,director,\N,\N
tt9797254,4,nm1875862,actress,\N,"[""Dheer Bai Bhatiyani""]"
tt1754118,2,nm3720579,actress,\N,\N
tt13272364,2,nm0025828,producer,producer,\N
tt15739682,5,nm0915637,director,\N,\N
tt19116952,4,nm0968838,actor,\N,"[""Julián Palacios""]"
tt1964329,3,nm3112695,self,\N,"[""Self - Hausmeister (1983-1990)""]"
tt11524970,4,nm7412334,actor,\N,"[""Juanito""]"
tt7572426,6,nm2274145,director,\N,\N
tt2495472,7,nm0004955,actor,\N,"[""Rafe Hernandez""]"
tt7843418,1,nm2305732,actor,\N,"[""Humphrey B. Bear""]"
tt29894133,5,nm1027688,director,\N,\N
tt28445277,4,nm14850083,actress,\N,"[""Cori""]"
tt0778989,1,nm0186048,actress,\N,"[""Ria Parkinson""]"
tt0014294,10,nm0842522,actor,\N,"[""Newton Wingate""]"
tt4395650,4,nm4590363,actress,\N,"[""Agatha""]"
tt21923088,8,nm10904893,writer,\N,\N
tt6170822,7,nm0388306,composer,\N,\N
tt0957426,2,nm0001083,actor,\N,"[""Alan Harper""]"
tt11481572,4,nm8518018,self,\N,"[""Self - Correspondent""]"
tt2222514,6,nm5129567,composer,\N,\N
tt1172363,2,nm0071818,actor,\N,"[""Petrie""]"
tt2153752,1,nm5055041,director,\N,\N
tt3593166,4,nm3310766,producer,producer,\N
tt6548416,1,nm0685142,actor,\N,"[""João V""]"
tt10843882,7,nm1637049,composer,\N,\N
tt30988155,2,nm0176561,actress,\N,"[""Isabela Darín""]"
tt0934589,7,nm2510421,producer,producer,\N
tt12253238,2,nm0847353,actress,\N,\N
tt9548886,4,nm3983956,actor,\N,"[""Parth Bhanushali (2017)""]"
tt9328516,5,nm0355961,director,\N,\N
tt1201755,4,nm0448323,self,\N,"[""Self - Co-Host""]"
tt30391153,6,nm15476344,self,\N,"[""Self""]"
tt10225306,5,nm1548089,director,\N,\N
tt10290550,2,nm8850889,self,\N,"[""Self""]"
tt23063948,3,nm1942452,actress,\N,"[""Doña Carucha""]"
tt26544829,5,nm0586035,writer,teleplay,\N
tt1350491,3,nm1019510,editor,\N,\N
tt0669304,1,nm0395448,actor,\N,"[""Ethan Allen Cord""]"
tt5859216,3,nm7994743,director,\N,\N
tt0099766,9,nm0508481,actor,\N,\N
tt2456572,7,nm1229188,writer,written by,\N
tt18231780,1,nm0196500,actor,\N,\N
tt4846958,2,nm5312975,actor,\N,"[""Vampire Gwi""]"
tt29669851,5,nm6045124,editor,\N,\N
tt30468184,5,nm15606773,editor,\N,\N
tt0108412,2,nm0969687,actor,\N,"[""Eddy""]"
tt15118764,1,nm5701200,actor,\N,"[""Paciente""]"
tt9874452,10,nm3704459,self,\N,"[""Self""]"
tt0320796,5,nm0722799,director,\N,\N
tt13960986,2,nm0358622,actor,\N,\N
tt13831614,3,nm4289605,self,\N,"[""Self""]"
tt9721536,5,nm14992315,director,\N,\N
tt4305396,10,nm6369946,writer,\N,\N
tt7794246,1,nm9512862,actress,\N,\N
tt5717946,4,nm0404091,self,\N,"[""Self""]"
tt8964570,2,nm0033042,actor,\N,"[""Martin Martinez""]"
tt18935620,4,nm2888901,actor,\N,"[""Jay Fernandez""]"
tt8500348,3,nm1146051,actor,\N,"[""Cyborg"",""Death""]"
tt30793784,8,nm10509712,editor,\N,\N
tt7288268,3,nm0526022,actor,\N,"[""Raymundo Landaeta""]"
tt9050894,4,nm1982037,self,\N,"[""Self - Weather Forecaster""]"
tt4707946,4,nm0618296,actor,\N,"[""5-Jähriger""]"
tt9168382,10,nm0217079,cinematographer,\N,\N
tt12567366,7,nm1041135,actress,\N,"[""Sandra Drakou""]"
tt30220959,2,nm9549868,actress,\N,"[""Fern""]"
tt20451168,2,nm13863768,actor,\N,\N
tt26468725,5,nm14504791,producer,producer,\N
tt0447455,9,nm3969668,self,\N,"[""Self - Surfer""]"
tt15297908,3,nm1796742,actor,\N,\N
tt14688132,3,nm12591160,self,\N,"[""Self - Medgrundare av Solviksskolan""]"
tt1510024,4,nm1544279,actress,\N,"[""Various""]"
tt0111111,3,nm1852135,writer,narration written by,\N
tt2407298,8,nm0251041,composer,\N,\N
tt27495076,3,nm10036672,actor,\N,"[""Amit""]"
tt0030557,3,nm0054427,actor,\N,"[""Anteo Diana""]"
tt1332399,4,nm0323140,actor,\N,"[""Various""]"
tt0427408,1,nm1758088,actor,\N,\N
tt27905706,4,nm1397594,writer,\N,\N
tt2054672,7,nm1164764,writer,story editor,\N
tt11172412,3,nm7787948,actress,\N,"[""Aakashi (third sister)""]"
tt14353112,2,nm2346644,actress,\N,\N
tt10458976,7,nm7453536,writer,\N,\N
tt29134690,7,nm14084830,writer,\N,\N
tt1604828,1,nm0894219,actor,\N,"[""Gert""]"
tt8576452,6,nm0297742,writer,creator,\N
tt30130696,3,nm12839866,self,\N,"[""Self""]"
tt10520282,6,nm0259897,writer,written by,\N
tt4085392,7,nm5801322,composer,\N,\N
tt13815838,2,nm6420188,writer,\N,\N
tt26545055,2,nm13051334,actress,\N,"[""Narmada""]"
tt14440488,7,nm12330168,writer,dialogue,\N
tt3243324,8,nm5084460,cinematographer,\N,\N
tt13325264,1,nm9821305,actor,\N,"[""Faldo""]"
tt11353632,7,nm1224445,composer,\N,\N
tt16755334,2,nm13228665,actress,\N,\N
