nconst,primaryName,birthYear,deathYear,primaryProfession,knownForTitles
nm0000001,Fred Astaire,1899,1987,"soundtrack,actor,miscellaneous","tt0031983,tt0050419,tt0072308,tt0053137"
nm0000002,Lauren Bacall,1924,2014,"actress,soundtrack","tt0037382,tt0117057,tt0038355,tt0075213"
nm0000003,Brigitte Bardot,1934,\N,"actress,soundtrack,music_department","tt0049189,tt0054452,tt0056404,tt0057345"
nm0000004,John Belushi,1949,1982,"actor,soundtrack,writer","tt0078723,tt0080455,tt0072562,tt0077975"
nm0000005,Ingmar Bergman,1918,2007,"writer,director,actor","tt0050976,tt0050986,tt0069467,tt0083922"
nm0000006,Ingrid Bergman,1915,1982,"actress,soundtrack,producer","tt0036855,tt0038109,tt0034583,tt0038787"
nm0000007,Humphrey Bogart,1899,1957,"actor,soundtrack,producer","tt0037382,tt0043265,tt0042593,tt0034583"
nm0000008,Marlon Brando,1924,2004,"actor,soundtrack,director","tt0068646,tt0047296,tt0078788,tt0070849"
nm0000009,Richard Burton,1925,1984,"actor,soundtrack,producer","tt0061184,tt0057877,tt0059749,tt0087803"
nm0000010,James Cagney,1899,1986,"actor,soundtrack,director","tt0031867,tt0029870,tt0042041,tt0035575"
nm0000011,Gary Cooper,1901,1961,"actor,soundtrack,stunts","tt0044706,tt0035896,tt0027996,tt0034167"
nm0000012,Bette Davis,1908,1989,"actress,soundtrack,make_up_department","tt0056687,tt0031210,tt0042192,tt0035140"
nm0000013,Doris Day,1922,2019,"soundtrack,actress,producer","tt0049470,tt0053172,tt0045591,tt0048317"
nm0000014,Olivia de Havilland,1916,2020,"actress,soundtrack","tt0041452,tt0029843,tt0040806,tt0031381"
nm0000015,James Dean,1931,1955,"actor,miscellaneous","tt0049261,tt0048545,tt0048028,tt0043228"
nm0000016,Georges Delerue,1925,1992,"composer,soundtrack,music_department","tt0091763,tt8847712,tt0096320,tt0069946"
nm0000017,Marlene Dietrich,1901,1992,"soundtrack,actress,music_department","tt0021156,tt0051201,tt0052311,tt0055031"
nm0000018,Kirk Douglas,1916,2020,"actor,producer,soundtrack","tt0080736,tt0054331,tt0050825,tt0049456"
nm0000019,Federico Fellini,1920,1993,"writer,director,actor","tt0053779,tt0056801,tt0050783,tt0071129"
nm0000020,Henry Fonda,1905,1982,"actor,producer,soundtrack","tt0050083,tt0032551,tt0051207,tt0082846"
nm0000021,Joan Fontaine,1917,2013,"actress,soundtrack,producer","tt0035751,tt0034248,tt0032976,tt0036969"
nm0000022,Clark Gable,1901,1960,"actor,soundtrack,producer","tt0026752,tt0025316,tt0023382,tt0031381"
nm0000023,Judy Garland,1922,1969,"soundtrack,actress","tt0032138,tt0037059,tt0047522,tt0055031"
nm0000024,John Gielgud,1904,2000,"actor,writer,director","tt0045943,tt0071877,tt0082031,tt0117631"
nm0000025,Jerry Goldsmith,1929,2004,"music_department,soundtrack,composer","tt0077269,tt0112715,tt0117731,tt0119488"
nm0000026,Cary Grant,1904,1986,"actor,soundtrack,producer","tt0034248,tt0053125,tt0056923,tt0048728"
nm0000027,Alec Guinness,1914,2000,"actor,soundtrack,writer","tt0076759,tt0051739,tt0041546,tt0050212"
nm0000028,Rita Hayworth,1918,1987,"actress,soundtrack,producer","tt0038559,tt0040525,tt0036723,tt0035103"
nm0000029,Margaux Hemingway,1954,1996,"actress,miscellaneous","tt0077800,tt0074802,tt0110138,tt0102122"
nm0000030,Audrey Hepburn,1929,1993,"actress,soundtrack","tt0054698,tt0046250,tt0058385,tt0056923"
nm0000031,Katharine Hepburn,1907,2003,"actress,soundtrack,writer","tt0043265,tt0063227,tt0082846,tt0032904"
nm0000032,Charlton Heston,1923,2008,"actor,director,soundtrack","tt0067525,tt0063442,tt0049833,tt0052618"
nm0000033,Alfred Hitchcock,1899,1980,"director,producer,writer","tt0056869,tt0052357,tt0053125,tt0054215"
nm0000034,William Holden,1918,1981,"actor,soundtrack,miscellaneous","tt0074958,tt0047437,tt0046359,tt0043014"
nm0000035,James Horner,1953,2015,"music_department,soundtrack,composer","tt0120746,tt0120338,tt0177971,tt0499549"
nm0000036,Buster Keaton,1895,1966,"actor,writer,director","tt0017925,tt0015324,tt0016332,tt0015163"
nm0000037,Gene Kelly,1912,1996,"soundtrack,actor,miscellaneous","tt0041716,tt0053946,tt0045152,tt0043278"
nm0000038,Grace Kelly,1929,1982,"actress,soundtrack,producer","tt0046874,tt0047396,tt0048728,tt0046912"
nm0000039,Deborah Kerr,1921,2007,"actress,soundtrack","tt0039192,tt0045793,tt0050105,tt0049408"
nm0000040,Stanley Kubrick,1928,1999,"director,writer,producer","tt0120663,tt0062622,tt0066921,tt0072684"
nm0000041,Akira Kurosawa,1910,1998,"writer,director,assistant_director","tt0089881,tt0080979,tt0051808,tt0047478"
nm0000042,Alan Ladd,1913,1964,"actor,producer,camera_department","tt0035432,tt0046303,tt0039056,tt0038369"
nm0000043,Veronica Lake,1922,1973,"actress,soundtrack,producer","tt0034881,tt0035432,tt0034240,tt0038369"
nm0000044,Burt Lancaster,1913,1994,"actor,producer,soundtrack","tt0045793,tt0051036,tt0085859,tt0057091"
nm0000045,Bruce Lee,1940,1973,"actor,writer,miscellaneous","tt0067824,tt0068767,tt0068935,tt0070034"
nm0000046,Vivien Leigh,1913,1967,"actress,soundtrack,writer","tt0034272,tt0031381,tt0044081,tt0033238"
nm0000047,Sophia Loren,1934,\N,"actress,soundtrack","tt0058335,tt0076085,tt0054749,tt0060121"
nm0000048,Peter Lorre,1904,1964,"actor,soundtrack,writer","tt0034583,tt0022100,tt0033870,tt0036613"
nm0000049,Henry Mancini,1924,1994,"music_department,soundtrack,composer","tt0085101,tt0383216,tt0054698,tt0057413"
nm0000050,Groucho Marx,1890,1977,"soundtrack,actor,writer","tt0023027,tt0028772,tt0026778,tt0023969"
nm0000051,James Mason,1909,1984,"actor,producer,writer","tt0047522,tt0084855,tt0056193,tt0053125"
nm0000052,Marcello Mastroianni,1924,1996,"actor,producer,soundtrack","tt0056801,tt0076085,tt0053779,tt0058335"
nm0000053,Robert Mitchum,1917,1997,"actor,soundtrack,producer","tt0056197,tt0048424,tt0039689,tt0050356"
nm0000054,Marilyn Monroe,1926,1962,"soundtrack,actress,writer","tt0053291,tt0048605,tt0045891,tt0045810"
nm0000055,Alfred Newman,1900,1970,"music_department,composer,soundtrack","tt0434409,tt0065377,tt0042192,tt0049408"
nm0000056,Paul Newman,1925,2008,"actor,producer,director","tt0257044,tt0110684,tt0054997,tt0084855"
nm0000057,David Niven,1910,1983,"actor,producer,soundtrack","tt0057413,tt0048960,tt0052182,tt0074937"
nm0000058,Maureen O'Hara,1920,2015,"actress,soundtrack","tt0039628,tt0033729,tt0055277,tt0045061"
nm0000059,Laurence Olivier,1907,1989,"actor,producer,director","tt0077269,tt0032976,tt0069281,tt0074860"
nm0000060,Gregory Peck,1916,2003,"actor,producer,soundtrack","tt0038109,tt0077269,tt0056592,tt0046250"
nm0000061,Tyrone Power,1914,1958,"actor,soundtrack,producer","tt0042256,tt0051201,tt0043959,tt0034405"
nm0000062,Elvis Presley,1935,1977,"music_artist,soundtrack,actor","tt0058725,tt0054692,tt0056023,tt0056585"
nm0000063,Anthony Quinn,1915,2001,"actor,producer,soundtrack","tt0056172,tt0057831,tt0064952,tt0049456"
nm0000064,Edward G. Robinson,1893,1973,"actor,soundtrack,writer","tt0038991,tt0038057,tt0036775,tt0040506"
nm0000065,Nino Rota,1911,1979,"composer,soundtrack,music_department","tt0068646,tt0063518,tt0056801,tt0071562"
nm0000066,Jane Russell,1921,2011,"actress,soundtrack,producer","tt0043476,tt0043643,tt0045810,tt0044863"
nm0000067,Miklós Rózsa,1907,1995,"music_department,composer,soundtrack","tt0038109,tt0052618,tt0054847,tt0036775"
nm0000068,Randolph Scott,1898,1987,"actor,producer,soundtrack","tt0056412,tt0046375,tt0029284,tt0026942"
nm0000069,Frank Sinatra,1915,1998,"music_artist,soundtrack,actor","tt0052218,tt0048347,tt0045793,tt0056218"
nm0000070,Max Steiner,1888,1971,"music_department,composer,soundtrack","tt0040897,tt0031381,tt0034583,tt0036613"
nm0000071,James Stewart,1908,1997,"actor,soundtrack,director","tt0052561,tt0052357,tt0032904,tt0038650"
nm0000072,Elizabeth Taylor,1932,2011,"actress,soundtrack,producer","tt0051459,tt0053318,tt0061184,tt0061407"
nm0000073,Shirley Temple,1928,2014,"actress,soundtrack,writer","tt0024914,tt0031580,tt0016029,tt0030657"
nm0000074,Gene Tierney,1920,1991,"actress,soundtrack","tt0037008,tt0035979,tt0039420,tt0037865"
nm0000075,Spencer Tracy,1900,1967,"actor,soundtrack","tt0055031,tt0053946,tt0061735,tt0047849"
nm0000076,François Truffaut,1932,1984,"writer,director,producer","tt0070460,tt0075860,tt0055032,tt0053198"
nm0000077,Franz Waxman,1906,1967,"music_department,composer,soundtrack","tt0032976,tt0043014,tt0026138,tt0034248"
nm0000078,John Wayne,1907,1979,"actor,producer,soundtrack","tt0075213,tt0065126,tt0056217,tt0053580"
nm0000079,Raquel Welch,1940,2023,"actress,soundtrack,producer","tt0068675,tt0061653,tt0072281,tt0066115"
nm0000080,Orson Welles,1915,1985,"actor,writer,director","tt0040525,tt0052311,tt0057427,tt0033467"
nm0000081,Natalie Wood,1938,1981,"actress,soundtrack,music_department","tt0057263,tt0055471,tt0048545,tt0055614"
nm0000082,Victor Young,1899,1956,"music_department,soundtrack,composer","tt3315342,tt0048960,tt0119094,tt0045061"
nm0000083,Alan Miller,\N,\N,"editor,writer,director","tt0969216,tt0424773,tt19064180,tt27504185"
nm0000084,Gong Li,1965,\N,"actress,producer,miscellaneous","tt0397535,tt0473444,tt0101640,tt4566758"
nm0000085,Henner Hofmann,1950,\N,"cinematographer,producer,camera_department","tt0113482,tt1825758,tt0097523,tt0097738"
nm0000086,Louis de Funès,1914,1983,"actor,writer,director","tt0079200,tt0074103,tt0069747,tt0064425"
nm0000087,Elena Koreneva,1953,\N,"actress,casting_director,soundtrack","tt0123138,tt5847740,tt7529350,tt0122969"
nm0000088,Aleksey Korenev,1927,1995,"director,writer,assistant_director","tt0191104,tt0063752,tt0100069,tt0068304"
nm0000089,Richard Paul,1940,1998,"actor,soundtrack","tt0075489,tt0076009,tt0088529,tt0117318"
nm0000090,Armin Mueller-Stahl,1930,\N,"actor,director,writer","tt0963178,tt0765443,tt0117631,tt0139809"
nm0000091,Gérard Pirès,1942,\N,"director,writer,actor","tt0421974,tt0064297,tt0152930,tt0282552"
nm0000092,John Cleese,1939,\N,"actor,writer,producer","tt0095159,tt0063929,tt0071853,tt0085959"
nm0000093,Brad Pitt,1963,\N,"producer,actor,soundtrack","tt0356910,tt0114746,tt1210166,tt0137523"
nm0000094,J. Reifel,\N,\N,writer,"tt0118631,tt0118886,tt0116030,tt0117915"
nm0000095,Woody Allen,1935,\N,"writer,director,actor","tt0118954,tt0075686,tt0079522,tt0091167"
nm0000096,Gillian Anderson,1968,\N,"actress,producer,soundtrack","tt0106179,tt0455590,tt0442632,tt2294189"
nm0000097,Pamela Anderson,1967,\N,"actress,producer,director","tt0893509,tt0426592,tt0306047,tt0115624"
nm0000098,Jennifer Aniston,1969,\N,"actress,producer,soundtrack","tt0108778,tt0279113,tt1723121,tt3442006"
nm0000099,Patricia Arquette,1968,\N,"actress,producer,director","tt1065073,tt0108399,tt0412175,tt0145531"
nm0000100,Rowan Atkinson,1955,\N,"actor,writer,soundtrack","tt1634122,tt0274166,tt0118689,tt0110357"
nm0000101,Dan Aykroyd,1952,\N,"writer,actor,producer","tt0080455,tt0087332,tt0102558,tt0118747"
nm0000102,Kevin Bacon,1958,\N,"actor,producer,soundtrack","tt0361127,tt0327056,tt0164052,tt0087277"
nm0000103,Fairuza Balk,1974,\N,"actress,soundtrack","tt0120586,tt0115963,tt0181875,tt0089908"
nm0000104,Antonio Banderas,1960,\N,"actor,soundtrack,producer","tt0112851,tt1189073,tt0120746,tt0120657"
nm0000105,Adrienne Barbeau,1945,\N,"actress,soundtrack","tt0083767,tt0080749,tt0082340,tt0090685"
nm0000106,Drew Barrymore,1975,\N,"producer,actress,soundtrack","tt0343660,tt0120631,tt0151738,tt0160127"
nm0000107,Kim Basinger,1953,\N,"actress,soundtrack,producer","tt0119488,tt0108525,tt0337921,tt0096895"
nm0000108,Luc Besson,1959,\N,"writer,producer,director","tt0119116,tt0100263,tt2872732,tt0110413"
nm0000109,Yasmine Bleeth,1968,\N,actress,"tt0096542,tt0115285,tt0131857,tt0337851"
nm0000110,Kenneth Branagh,1960,\N,"actor,producer,director","tt0116477,tt3402236,tt0107616,tt0097499"
nm0000111,Matthew Broderick,1962,\N,"actor,soundtrack,director","tt0086567,tt0091042,tt0115798,tt0395251"
nm0000112,Pierce Brosnan,1953,\N,"actor,producer,soundtrack","tt0155267,tt0795421,tt0143145,tt0120347"
nm0000113,Sandra Bullock,1964,\N,"producer,actress,soundtrack","tt1041829,tt0212346,tt0111257,tt1454468"
nm0000114,Steve Buscemi,1957,\N,"actor,director,producer","tt0116282,tt0162346,tt4686844,tt0105236"
nm0000115,Nicolas Cage,1964,\N,"actor,producer,soundtrack","tt0117500,tt0435705,tt0119094,tt0113627"
nm0000116,James Cameron,1954,\N,"writer,producer,director","tt0120338,tt0499549,tt0090605,tt1630029"
nm0000117,Neve Campbell,1973,\N,"actress,producer,soundtrack","tt0134084,tt0117571,tt0120082,tt0120890"
nm0000118,John Carpenter,1948,\N,"soundtrack,music_department,writer","tt0077651,tt0069945,tt0082340,tt0080749"
nm0000119,Tia Carrere,\N,\N,"actress,soundtrack,producer","tt0207919,tt0111503,tt0105793,tt0275847"
nm0000120,Jim Carrey,1962,\N,"actor,writer,soundtrack","tt0315327,tt0109040,tt0338013,tt0110475"
nm0000121,Phoebe Cates,1963,\N,"actress,soundtrack","tt0101775,tt0087363,tt0083929,tt0086143"
nm0000122,Charles Chaplin,1889,1977,"soundtrack,writer,actor","tt0027977,tt0044837,tt0032553,tt0021749"
nm0000123,George Clooney,1961,\N,"actor,producer,director","tt0465538,tt1124035,tt1193138,tt0433383"
nm0000124,Jennifer Connelly,1970,\N,"actress,producer","tt0180093,tt0286716,tt0315983,tt0268978"
nm0000125,Sean Connery,1930,2020,"actor,producer,soundtrack","tt0094226,tt0117500,tt0055928,tt0091605"
nm0000126,Kevin Costner,1955,\N,"actor,producer,soundtrack","tt0102798,tt0103855,tt0119925,tt0099348"
nm0000127,Wes Craven,1939,2015,"writer,producer,director","tt0087800,tt0105121,tt0111686,tt0117571"
nm0000128,Russell Crowe,1964,\N,"actor,soundtrack,producer","tt1707386,tt0119488,tt0268978,tt0172495"
nm0000129,Tom Cruise,1962,\N,"actor,producer,soundtrack","tt0325710,tt0120755,tt0116695,tt0092099"
nm0000130,Jamie Lee Curtis,1958,\N,"actress,producer,director","tt1502407,tt0111503,tt6710474,tt0120694"
nm0000131,John Cusack,1966,\N,"actor,producer,writer","tt0098258,tt0450385,tt0119229,tt0146882"
nm0000132,Claire Danes,1979,\N,"actress,producer,soundtrack","tt0117509,tt0108872,tt0274558,tt1796960"
nm0000133,Geena Davis,1956,\N,"actress,producer,soundtrack","tt0104694,tt0116908,tt0091064,tt0103074"
nm0000134,Robert De Niro,1943,\N,"actor,producer,soundtrack","tt0075314,tt0101540,tt0070379,tt0081398"
nm0000135,John Denver,1943,1997,"music_artist,soundtrack,music_department","tt0076489,tt4649466,tt0299328,tt0120591"
nm0000136,Johnny Depp,1963,\N,"actor,producer,soundtrack","tt0408236,tt0367594,tt0325980,tt0449088"
nm0000137,Bo Derek,1956,\N,"actress,producer,camera_department","tt0083170,tt0099656,tt0114694,tt0086987"
nm0000138,Leonardo DiCaprio,1974,\N,"producer,actor,soundtrack","tt1375666,tt0120338,tt0407887,tt0993846"
nm0000139,Cameron Diaz,1972,\N,"actress,producer,soundtrack","tt0160127,tt0129387,tt0259711,tt0119738"
nm0000140,Michael Douglas,1944,\N,"actor,producer,soundtrack","tt0093010,tt0094291,tt1291580,tt0088011"
nm0000141,David Duchovny,1960,\N,"actor,producer,director","tt0106179,tt0904208,tt0251075,tt0120902"
nm0000142,Clint Eastwood,1930,\N,"actor,producer,director","tt0112579,tt0105695,tt0405159,tt1205489"
nm0000143,Erika Eleniak,1969,\N,actress,"tt0106400,tt0083866,tt0094761,tt0105690"
nm0000144,Cary Elwes,1962,\N,"actor,producer,soundtrack","tt0093779,tt0387564,tt0119468,tt0107977"
nm0000145,Sherilyn Fenn,1965,\N,"actress,soundtrack","tt0098936,tt0100935,tt0105046,tt0106471"
nm0000146,Ralph Fiennes,1962,\N,"actor,producer,director","tt1372686,tt2278388,tt0108052,tt0387131"
nm0000147,Colin Firth,1960,\N,"actor,producer,soundtrack","tt0243155,tt1504320,tt2802144,tt1315981"
nm0000148,Harrison Ford,1942,\N,"actor,writer,producer","tt0090329,tt0082971,tt0076759,tt0106977"
nm0000149,Jodie Foster,1962,\N,"actress,director,producer","tt0075314,tt0102926,tt0476964,tt0094608"
nm0000150,Michael J. Fox,1961,\N,"actor,producer,miscellaneous","tt0096874,tt0115369,tt0088763,tt0116365"
nm0000151,Morgan Freeman,1937,\N,"actor,producer,soundtrack","tt0114369,tt0405159,tt0468569,tt0097239"
nm0000152,Richard Gere,1949,\N,"actor,soundtrack,producer","tt0084434,tt0100405,tt0119395,tt0299658"
nm0000153,Gina Gershon,1962,\N,"actress,soundtrack,producer","tt0431308,tt1726669,tt0115736,tt0114436"
nm0000154,Mel Gibson,1956,\N,"actor,producer,director","tt0117438,tt0104714,tt0112573,tt0118883"
nm0000155,Whoopi Goldberg,1955,\N,"actress,producer,writer","tt0105417,tt0088939,tt0099653,tt0108147"
nm0000156,Jeff Goldblum,1952,\N,"actor,soundtrack,producer","tt2278388,tt0091064,tt0107290,tt0116629"
nm0000157,Linda Hamilton,1956,\N,"actress,soundtrack","tt0118928,tt0088247,tt6450804,tt0103064"
nm0000158,Tom Hanks,1956,\N,"producer,actor,soundtrack","tt1535109,tt0109830,tt0162222,tt0094737"
nm0000159,Teri Hatcher,1964,\N,"actress,soundtrack,writer","tt0410975,tt0327597,tt0227538,tt0120347"
nm0000160,Ethan Hawke,1970,\N,"actor,producer,writer","tt2209418,tt0381681,tt0139654,tt0112471"
nm0000161,Salma Hayek,1966,\N,"actress,producer,soundtrack","tt0120891,tt0112851,tt1615065,tt0120679"
nm0000162,Anne Heche,1969,2022,"actress,producer,writer","tt0120885,tt0120828,tt0119008,tt0120461"
nm0000163,Dustin Hoffman,1937,\N,"actor,soundtrack,producer","tt0079417,tt0095953,tt0084805,tt0064665"
nm0000164,Anthony Hopkins,1937,\N,"actor,soundtrack,composer","tt0412080,tt0113987,tt0975645,tt0102926"
nm0000165,Ron Howard,1954,\N,"producer,actor,writer","tt0367279,tt0268978,tt0075213,tt0112384"
nm0000166,Helen Hunt,1963,\N,"actress,producer,director","tt0103484,tt0117998,tt0119822,tt0455805"
nm0000167,Elizabeth Hurley,1965,\N,"actress,producer","tt0105104,tt0118655,tt0230030,tt0145660"
nm0000168,Samuel L. Jackson,1948,\N,"actor,producer,soundtrack","tt0110912,tt0417148,tt4154664,tt3460252"
nm0000169,Tommy Lee Jones,1946,\N,"actor,director,soundtrack","tt0477348,tt0443272,tt2398231,tt0106977"
nm0000170,Milla Jovovich,1975,\N,"actress,soundtrack,producer","tt1220198,tt0120804,tt0119116,tt1220634"
nm0000171,Ashley Judd,1968,\N,"actress,producer,director","tt0119468,tt0470705,tt0113277,tt0150377"
nm0000172,Harvey Keitel,1939,\N,"actor,producer,soundtrack","tt0103759,tt2278388,tt0110912,tt0105236"
nm0000173,Nicole Kidman,1967,\N,"actress,producer,soundtrack","tt0935075,tt0159365,tt0203009,tt0274558"
nm0000174,Val Kilmer,1959,\N,"actor,soundtrack,producer","tt0113277,tt0120053,tt0101761,tt0373469"
nm0000175,Stephen King,1947,\N,"writer,producer,actor","tt0091499,tt0324864,tt0083767,tt0111161"
nm0000176,Nastassja Kinski,1961,\N,"actress,producer,soundtrack","tt0080009,tt0083722,tt0087884,tt0111400"
nm0000177,Kevin Kline,1947,\N,"actor,soundtrack,director","tt0106673,tt0113117,tt0120891,tt0095159"
nm0000178,Diane Lane,1965,\N,"actress,soundtrack","tt0086066,tt0328589,tt2096673,tt0250797"
nm0000179,Jude Law,1972,\N,"actor,producer,soundtrack","tt0346156,tt0376541,tt0134119,tt2278388"
nm0000180,David Lean,1908,1991,"editor,director,writer","tt0050212,tt0056172,tt0038574,tt0059113"
nm0000181,Heather Locklear,1961,\N,"actress,producer,soundtrack","tt0098193,tt0380623,tt0119695,tt0103491"
nm0000182,Jennifer Lopez,1969,\N,"music_artist,producer,actress","tt0252076,tt5503686,tt0120780,tt2126357"
nm0000183,Traci Lords,1968,\N,"actress,soundtrack,producer","tt1984153,tt0120611,tt1007028,tt0099329"
nm0000184,George Lucas,1944,\N,"writer,producer,director","tt0069704,tt0066434,tt0076759,tt0082971"
nm0000185,Dolph Lundgren,1957,\N,"actor,producer,director","tt0113481,tt0089927,tt0105698,tt0093507"
nm0000186,David Lynch,1946,\N,"writer,director,producer","tt0105665,tt0098936,tt0166924,tt0460829"
nm0000187,Madonna,1958,\N,"music_artist,soundtrack,actress","tt0246460,tt0156841,tt0116250,tt0104694"
nm0000188,Steve Martin,1945,\N,"writer,actor,producer","tt0093886,tt0102250,tt0383216,tt0079367"
nm0000189,Jenny McCarthy-Wahlberg,1972,\N,"actress,producer,writer","tt0327643,tt0134084,tt0455967,tt0131857"
nm0000190,Matthew McConaughey,1969,\N,"actor,producer,soundtrack","tt0790636,tt0816692,tt1935179,tt1915581"
nm0000191,Ewan McGregor,1971,\N,"actor,producer,writer","tt0203009,tt2763304,tt1322269,tt0117951"
nm0000192,Alyssa Milano,1972,\N,"actress,producer,soundtrack","tt0088944,tt0116287,tt0158552,tt0086827"
nm0000193,Demi Moore,1962,\N,"actress,producer,soundtrack","tt0099653,tt0119173,tt0107211,tt0305357"
nm0000194,Julianne Moore,1960,\N,"actress,producer,soundtrack","tt3316960,tt0118749,tt0297884,tt0842926"
nm0000195,Bill Murray,1950,\N,"actor,soundtrack,writer","tt1748122,tt0128445,tt0335266,tt0362270"
nm0000196,Mike Myers,1963,\N,"actor,writer,soundtrack","tt0118655,tt0295178,tt0145660,tt0811138"
nm0000197,Jack Nicholson,1937,\N,"actor,soundtrack,producer","tt0071315,tt0073486,tt0407887,tt0119822"
nm0000198,Gary Oldman,1958,\N,"actor,producer,soundtrack","tt4555426,tt1340800,tt0103874,tt0468569"
nm0000199,Al Pacino,1940,\N,"actor,director,soundtrack","tt0068646,tt0072890,tt0070666,tt0099422"
nm0000200,Bill Paxton,1955,2017,"actor,producer,writer","tt0112384,tt0090605,tt0264616,tt0117998"
nm0000201,Michelle Pfeiffer,1958,\N,"actress,soundtrack,producer","tt0161081,tt0117247,tt0427327,tt5109784"
nm0000202,Ryan Phillippe,1974,\N,"actor,producer,director","tt0280707,tt0375679,tt0120577,tt0139134"
nm0000203,River Phoenix,1970,1993,"actor,soundtrack","tt0092005,tt0102494,tt0096018,tt0091557"
nm0000204,Natalie Portman,1981,\N,"actress,producer,soundtrack","tt0947798,tt0434409,tt0110413,tt0376541"
nm0000205,Parker Posey,1968,\N,"actress,producer,soundtrack","tt0134084,tt0106677,tt0348150,tt0359013"
nm0000206,Keanu Reeves,1964,\N,"actor,producer,soundtrack","tt0102685,tt0133093,tt0111257,tt0234215"
nm0000207,Christina Ricci,1980,\N,"actress,producer,soundtrack","tt0112642,tt0100140,tt0811080,tt0118789"
nm0000208,Molly Ringwald,1968,\N,"actress,soundtrack,music_department","tt0088128,tt0091790,tt0095169,tt0088847"
nm0000209,Tim Robbins,1958,\N,"actor,producer,director","tt0327056,tt0111161,tt0105151,tt0091225"
nm0000210,Julia Roberts,1967,\N,"actress,producer,soundtrack","tt0100405,tt1322269,tt0195685,tt0119738"
nm0000211,Mimi Rogers,1956,\N,"actress,producer,soundtrack","tt0488085,tt0210070,tt0118655,tt0120738"
nm0000212,Meg Ryan,1961,\N,"actress,producer,director","tt0108160,tt0098635,tt0128853,tt0120632"
nm0000213,Winona Ryder,1971,\N,"actress,producer,soundtrack","tt0172493,tt0100140,tt0110367,tt0099487"
nm0000214,Mia Sara,1967,\N,"actress,soundtrack","tt0312098,tt0111438,tt0089469,tt0091042"
nm0000215,Susan Sarandon,1946,\N,"actress,producer,soundtrack","tt0109446,tt0112818,tt0120686,tt0103074"
nm0000216,Arnold Schwarzenegger,1947,\N,"actor,producer,director","tt0088247,tt0216216,tt0107362,tt0103064"
nm0000217,Martin Scorsese,1942,\N,"producer,director,actor","tt0070379,tt0099685,tt0075314,tt5537002"
nm0000218,Kristin Scott Thomas,1960,\N,"actress,soundtrack,writer","tt0109831,tt1602613,tt0280707,tt0116209"
nm0000219,Steven Seagal,1952,\N,"actor,producer,writer","tt0110725,tt0094602,tt0105690,tt0114781"
nm0000220,Joan Severance,1958,\N,"actress,producer,miscellaneous","tt0112519,tt0098282,tt0143050,tt0099141"
nm0000221,Charlie Sheen,1965,\N,"actor,producer,soundtrack","tt0094291,tt0369179,tt0108333,tt0107144"
nm0000222,Brooke Shields,1965,\N,"actress,producer,soundtrack","tt0082329,tt0078111,tt0080453,tt0080116"
nm0000223,Elisabeth Shue,1963,\N,"actress,producer,soundtrack","tt0120053,tt0113627,tt0164052,tt0092513"
nm0000224,Alicia Silverstone,1976,\N,"actress,producer,soundtrack","tt0124298,tt0119086,tt0118688,tt0112697"
nm0000225,Christian Slater,1969,\N,"actor,producer,soundtrack","tt0115759,tt0108399,tt0124198,tt0102798"
nm0000226,Will Smith,1968,\N,"producer,actor,soundtrack","tt0098800,tt0120891,tt0480249,tt0119654"
nm0000227,Mira Sorvino,1967,\N,"actress,producer,soundtrack","tt0113819,tt0120032,tt0364343,tt0120008"
nm0000228,Kevin Spacey,1959,\N,"actor,producer,soundtrack","tt0114369,tt0114814,tt0169547,tt0119488"
nm0000229,Steven Spielberg,1946,\N,"producer,writer,director","tt0120815,tt0082971,tt0083866,tt0108052"
nm0000230,Sylvester Stallone,1946,\N,"actor,producer,writer","tt0075148,tt0084602,tt3076658,tt0089927"
nm0000231,Oliver Stone,1946,\N,"director,producer,writer","tt0091763,tt0096969,tt0102138,tt0110632"
nm0000232,Sharon Stone,1958,\N,"actress,producer,soundtrack","tt0103772,tt0108162,tt0112641,tt0114214"
nm0000233,Quentin Tarantino,1963,\N,"writer,actor,producer","tt0105236,tt0110912,tt7131622,tt0116367"
nm0000234,Charlize Theron,1975,\N,"producer,actress,soundtrack","tt5610554,tt1392190,tt0340855,tt1735898"
nm0000235,Uma Thurman,1970,\N,"actress,producer,soundtrack","tt0110912,tt0266697,tt0118688,tt0378194"
nm0000236,Jennifer Tilly,1958,\N,"actress,soundtrack,writer","tt0109348,tt0387575,tt0144120,tt0115736"
nm0000237,John Travolta,1954,\N,"actor,soundtrack,producer","tt0110912,tt0113161,tt0077631,tt0076666"
nm0000238,Shannon Tweed,1957,\N,"actress,producer,miscellaneous","tt0165710,tt0112942,tt0110675,tt0094834"
nm0000239,Liv Tyler,1977,\N,"actress,producer,soundtrack","tt0120737,tt0167260,tt0482606,tt0120591"
nm0000240,Skeet Ulrich,1970,\N,"actor,soundtrack,director","tt0409572,tt0913354,tt0115963,tt0117571"
nm0000241,Jean-Claude Van Damme,1960,\N,"actor,writer,producer","tt0097659,tt1130988,tt0119013,tt0101764"
nm0000242,Mark Wahlberg,1971,\N,"producer,actor,soundtrack","tt1637725,tt0964517,tt0407887,tt0118749"
nm0000243,Denzel Washington,1954,\N,"actor,producer,director","tt0139654,tt1037705,tt0168786,tt2671706"
nm0000244,Sigourney Weaver,1949,\N,"actress,producer,soundtrack","tt0078748,tt0499549,tt0118583,tt0095243"
nm0000245,Robin Williams,1951,2014,"actor,soundtrack,writer","tt0093105,tt0265459,tt0115685,tt0107614"
nm0000246,Bruce Willis,1955,\N,"actor,producer,soundtrack","tt0167404,tt0088571,tt0095016,tt0110912"
nm0000247,John Woo,1946,\N,"director,producer,writer","tt0119094,tt0104684,tt0092263,tt0425637"
nm0000248,Edward D. Wood Jr.,1924,1978,"writer,director,actor","tt0047127,tt0045826,tt0052077,tt0067479"
nm0000249,James Woods,1947,\N,"actor,producer,director","tt0119282,tt0086541,tt0159097,tt0120877"
nm0000250,Renée Zellweger,1969,\N,"actress,producer,soundtrack","tt0116695,tt0159365,tt0243155,tt0299658"
nm0000251,Timothy Dowling,1973,\N,"actor,writer,script_department","tt0430922,tt0181852,tt2120120,tt1596350"
nm0000252,Robert Ellis,1892,1974,"actor,director,writer","tt0030778,tt0010781,tt0030738,tt0006213"
nm0000253,Robert Ellis,1888,1935,"art_director,miscellaneous","tt0026454,tt0014515,tt0010965,tt0014083"
nm0000254,Isabelle Adjani,1955,\N,"actress,soundtrack,producer","tt0094828,tt0073114,tt0079641,tt0082933"
nm0000255,Ben Affleck,1972,\N,"producer,actor,writer","tt2267998,tt0119217,tt1024648,tt0840361"
nm0000256,Jenny Agutter,1952,\N,"actress,soundtrack","tt0067959,tt0082010,tt0848228,tt0074812"
nm0000257,Alan Alda,1936,\N,"actor,miscellaneous,soundtrack","tt0082405,tt0068098,tt7653254,tt0097123"
nm0000258,Stephanie Zimbalist,1956,\N,"actress,writer","tt0076993,tt0083470,tt0099225,tt0080402"
nm0000259,Ginger Lynn,1962,\N,"actress,director,writer","tt0210365,tt0087562,tt0134898,tt0395584"
nm0000260,Joan Allen,1956,\N,"actress,soundtrack,producer","tt0113987,tt0452608,tt0115988,tt3170832"
nm0000261,Karen Allen,1951,\N,"actress,soundtrack,director","tt0082971,tt0088172,tt0077975,tt0367882"
nm0000262,Nancy Allen,1950,\N,"actress,soundtrack","tt0093870,tt0100502,tt0107978,tt0080661"
nm0000263,Kirstie Alley,1951,2022,"actress,producer,writer","tt0157503,tt0097778,tt0084726,tt0114852"
nm0000264,Pedro Almodóvar,1949,\N,"writer,director,soundtrack","tt1189073,tt0287467,tt0095675,tt0101026"
nm0000265,Robert Altman,1925,2006,"director,producer,writer","tt0108122,tt0280707,tt0073440,tt0105151"
nm0000266,Ursula Andress,1936,\N,"actress,soundtrack","tt0055928,tt0060177,tt0082186,tt0061452"
nm0000267,Julie Andrews,1935,\N,"actress,soundtrack,writer","tt0247638,tt0084865,tt0059742,tt0058331"
nm0000268,Ann-Margret,1941,\N,"actress,soundtrack","tt0060646,tt0107050,tt0056891,tt0066892"
nm0000269,Jean-Jacques Annaud,1943,\N,"director,producer,writer","tt0215750,tt0120102,tt2909116,tt0091605"
nm0000270,Gabrielle Anwar,1970,\N,"actress,producer,soundtrack","tt0108333,tt0810788,tt0114660,tt0105323"
nm0000271,Anne Archer,1947,\N,"actress,producer,soundtrack","tt0108122,tt0160009,tt0105112,tt0093010"
nm0000272,Fanny Ardant,1949,\N,"actress,director,writer","tt0127536,tt0348853,tt0283832,tt0086551"
nm0000273,Alan Arkin,1934,2023,"actor,soundtrack,director","tt0099487,tt0104348,tt0449059,tt1024648"
nm0000274,David Arquette,1971,\N,"producer,actor,director","tt0134084,tt0271367,tt0151738,tt0120082"
nm0000275,Rosanna Arquette,1959,\N,"actress,producer,director","tt0088680,tt0089017,tt0110912,tt0190138"
nm0000276,Sean Astin,1971,\N,"actor,producer,director","tt0120737,tt0089218,tt0167261,tt0167260"
nm0000277,Richard Attenborough,1923,2014,"actor,producer,director","tt0057115,tt0107290,tt0119567,tt0083987"
nm0000278,Pernilla August,1958,\N,"actress,director,writer","tt0115164,tt0104350,tt0121765,tt0120915"
nm0000279,Hank Azaria,1964,\N,"actor,soundtrack,producer","tt0132347,tt0115685,tt1839481,tt0096697"
nm0000280,Catherine Bach,1954,\N,"actress,soundtrack","tt0072288,tt0078607,tt1414382,tt0119025"
nm0000281,Scott Baio,1960,\N,"actor,director,producer","tt0070992,tt0270846,tt0367279,tt0281680"
nm0000282,Scott Bairstow,1970,\N,actor,"tt0182587,tt0283084,tt0119925,tt0120512"
nm0000283,Brenda Bakke,1963,\N,actress,"tt0107144,tt0114608,tt0119488,tt0114781"
nm0000284,Adam Baldwin,1962,\N,"actor,soundtrack","tt0187393,tt0093058,tt0379786,tt0116629"
nm0000285,Alec Baldwin,1958,\N,"actor,producer,soundtrack","tt0407887,tt1230414,tt0104348,tt0318374"
nm0000286,Stephen Baldwin,1966,\N,"actor,producer,director","tt0486583,tt0158622,tt0115683,tt0114814"
nm0000287,William Baldwin,1963,\N,"actor,producer,stunts","tt0108162,tt0113010,tt0367089,tt0101393"
nm0000288,Christian Bale,1974,\N,"actor,producer,soundtrack","tt0144084,tt1800241,tt0372784,tt0468569"
nm0000289,Ellen Barkin,1954,\N,"actress,producer","tt0116277,tt0086856,tt0157503,tt0108330"
nm0000290,John Barry,1933,2011,"music_department,soundtrack,composer","tt0089755,tt0099348,tt0081534,tt0093428"
nm0000291,Angela Bassett,1958,\N,"actress,producer,director","tt0114558,tt0118884,tt1825683,tt9114286"
nm0000292,Michelle Bauer,1958,\N,"actress,miscellaneous,costume_department","tt0103213,tt0094734,tt0094998,tt0098652"
nm0000293,Sean Bean,1959,\N,"actor,producer,animation_department","tt0120737,tt1181791,tt0944947,tt0167261"
nm0000294,Amanda Bearse,1958,\N,"actress,director,producer","tt9731598,tt0247121,tt0092400,tt0089175"
nm0000295,Kate Beckinsale,1973,\N,"actress,producer,soundtrack","tt0401855,tt3068194,tt0338526,tt0320691"
nm0000296,Robert Beltran,1953,\N,"actor,soundtrack","tt0113987,tt0087799,tt0101516,tt0112178"
nm0000297,Tom Berenger,1949,\N,"actor,producer,writer","tt1375666,tt0085244,tt0091763,tt0097815"
nm0000298,Candice Bergen,1946,\N,"actress,producer,soundtrack","tt0212346,tt0094514,tt0901476,tt0256415"
nm0000299,Michael Biehn,1956,\N,"actor,producer,director","tt0090605,tt0117500,tt0088247,tt0096754"
nm0000300,Juliette Binoche,1964,\N,"actress,art_department,miscellaneous","tt1219827,tt2452254,tt0116209,tt1020773"
nm0000301,Thora Birch,1982,\N,"actress,producer,director","tt0162346,tt0105112,tt0169547,tt0107120"
nm0000302,Jacqueline Bisset,1944,\N,"actress,soundtrack,producer","tt0421054,tt0062765,tt0071877,tt0088322"
nm0000303,Honor Blackman,1925,2020,"actress,soundtrack","tt0243155,tt0057197,tt0054518,tt0058150"
nm0000304,Linda Blair,1959,\N,"actress,soundtrack,producer","tt0076009,tt0088044,tt0089964,tt0070047"
nm0000305,Mel Blanc,1908,1989,"actor,soundtrack,music_department","tt0077278,tt0096438,tt0094939,tt0078915"
nm0000306,Brian Blessed,1936,\N,"actor,soundtrack,director","tt0120855,tt0107616,tt0120915,tt0080745"
nm0000307,Helena Bonham Carter,1966,\N,"actress,soundtrack,director","tt0137523,tt0408236,tt1504320,tt1707386"
nm0000308,Ernest Borgnine,1917,2012,"actor,soundtrack,producer","tt0086662,tt0048356,tt0082340,tt0069113"
nm0000309,David Bowie,1947,2016,"music_artist,soundtrack,actor","tt0196229,tt0482571,tt0074851,tt0091369"
nm0000310,Bruce Boxleitner,1950,\N,"actor,soundtrack,producer","tt0084827,tt0105946,tt0871427,tt1104001"
nm0000311,Annie Rosar,1888,1963,"actress,soundtrack","tt0034800,tt0041552,tt0034396,tt0052996"
nm0000312,Amy Brenneman,1964,\N,"actress,producer,writer","tt0209069,tt0116040,tt0116287,tt0113277"
nm0000313,Jeff Bridges,1949,\N,"actor,soundtrack,producer","tt0088172,tt0118715,tt1263670,tt1403865"
nm0000314,Charles Bronson,1921,2003,actor,"tt0064116,tt0054047,tt0057115,tt0071402"
nm0000315,Louise Brooks,1906,1985,"actress,soundtrack","tt0018737,tt0021273,tt0021917,tt0017382"
nm0000316,Mel Brooks,1926,\N,"actor,writer,soundtrack","tt0094012,tt0395251,tt0082517,tt0071230"
nm0000317,Clancy Brown,1959,\N,"actor,soundtrack,producer","tt0409847,tt0120201,tt2279373,tt0111161"
nm0000318,Tim Burton,1958,\N,"producer,miscellaneous,director","tt1142977,tt0408236,tt0099487,tt0121164"
nm0000319,Yancy Butler,1970,\N,"actress,producer","tt0274298,tt1650554,tt0107076,tt1250777"
nm0000320,Luis Buñuel,1900,1983,"writer,director,actor","tt0061395,tt0068361,tt0056732,tt0055601"
nm0000321,Gabriel Byrne,1950,\N,"actor,producer,writer","tt0145531,tt0114814,tt0146675,tt7784604"
nm0000322,Emmanuelle Béart,1963,\N,"actress,soundtrack","tt0109731,tt0283832,tt0117060,tt0113947"
nm0000323,Michael Caine,1933,\N,"actor,producer,soundtrack","tt0482571,tt0468569,tt0124315,tt0258068"
nm0000324,Barbara Carrera,1945,\N,"actress,soundtrack","tt0076210,tt0085862,tt0084112,tt0086006"
nm0000325,David Caruso,1956,\N,"actor,producer","tt0261983,tt0083944,tt0099939,tt0228750"
nm0000326,Kim Cattrall,1956,\N,"actress,producer,soundtrack","tt1000774,tt0102975,tt0159206,tt1261945"
nm0000327,Lacey Chabert,1982,\N,"actress,producer,soundtrack","tt0377092,tt0120738,tt0277371,tt0454082"
nm0000328,Richard Chamberlain,1934,\N,"actor,soundtrack,producer","tt0073012,tt0076299,tt0085101,tt0072308"
nm0000329,Jackie Chan,1954,\N,"producer,actor,stunts","tt0089374,tt0127357,tt0120812,tt0266915"
nm0000330,Stockard Channing,1944,\N,"actress,soundtrack","tt0198021,tt0077631,tt0108149,tt0120791"
nm0000331,Chevy Chase,1943,\N,"actor,writer,soundtrack","tt0092086,tt0085995,tt0080487,tt0104850"
nm0000332,Don Cheadle,1964,\N,"actor,producer,soundtrack","tt0375679,tt1540133,tt0395169,tt0790770"
nm0000333,Cher,1946,\N,"music_artist,soundtrack,actress","tt1126591,tt0093565,tt0100140,tt0089560"
nm0000334,Chow Yun-Fat,1955,\N,"actor,writer,soundtrack","tt0473444,tt1098327,tt0120008,tt0190332"
nm0000335,Glenn Close,1947,\N,"actress,soundtrack,producer","tt2015381,tt0094947,tt0093010,tt3750872"
nm0000336,James Coburn,1928,2002,"actor,producer,director","tt0118564,tt0057115,tt0054047,tt0056923"
nm0000337,Rachael Leigh Cook,1979,\N,"actress,producer,writer","tt0160862,tt5659816,tt11100856,tt0331811"
nm0000338,Francis Ford Coppola,1939,\N,"producer,director,writer","tt0078788,tt0071360,tt0071562,tt0068646"
nm0000339,Roger Corman,1926,\N,"producer,director,actor","tt0061189,tt0099612,tt0102926,tt0091419"
nm0000340,Cindy Crawford,1966,\N,"actress,soundtrack,producer","tt0113010,tt0120577,tt0186549,tt1441109"
nm0000341,Michael Crichton,1942,2008,"writer,producer,director","tt0117998,tt0108757,tt0070909,tt0107290"
nm0000342,James Cromwell,1940,\N,"actor,producer,soundtrack","tt0119488,tt0117731,tt0120689,tt0144214"
nm0000343,David Cronenberg,1943,\N,"actor,director,writer","tt0094964,tt0120907,tt0115964,tt0091064"
nm0000344,Denise Crosby,\N,\N,"actress,producer","tt0098084,tt0104119,tt0097889,tt0120647"
nm0000345,Billy Crystal,1948,\N,"actor,writer,producer","tt0122933,tt0113097,tt0101587,tt0098635"
nm0000346,Macaulay Culkin,1980,\N,"actor,producer,director","tt0107034,tt0099785,tt0102492,tt0104431"
nm0000347,Tim Curry,1946,\N,"actor,soundtrack,producer","tt0088930,tt0073629,tt0112715,tt0117110"
nm0000348,Tony Curtis,1925,2010,"actor,producer,soundtrack","tt0066701,tt0053291,tt0054331,tt0051036"
nm0000349,Joan Cusack,1962,\N,"actress,soundtrack,writer","tt0096463,tt1659337,tt0119360,tt0119229"
nm0000350,Beverly D'Angelo,1951,\N,"actress,soundtrack,producer","tt0085995,tt0097958,tt0120434,tt0120586"
nm0000351,Donna D'Errico,1968,\N,"actress,director,producer","tt4459134,tt12861508,tt7235466,tt4270458"
nm0000352,Vincent D'Onofrio,1959,\N,"actor,producer,soundtrack","tt0093058,tt0209958,tt0109707,tt0119654"
nm0000353,Willem Dafoe,1955,\N,"actor,soundtrack,producer","tt7984734,tt6938828,tt5649144,tt0145487"
nm0000354,Matt Damon,1970,\N,"producer,actor,soundtrack","tt0119217,tt3659388,tt0407887,tt0134119"
nm0000355,Anthony Daniels,1946,\N,"actor,producer,writer","tt2488496,tt2527336,tt0080684,tt0076759"
nm0000356,Sybil Danning,\N,\N,"actress,producer,writer","tt0080421,tt0072281,tt0373883,tt0085672"
nm0000357,Lolita Davidovich,1961,\N,actress,"tt0096943,tt0092513,tt0110146,tt0329717"
nm0000358,Daniel Day-Lewis,1957,\N,"actor,music_department,soundtrack","tt0469494,tt0443272,tt0217505,tt0104691"
nm0000359,Olivier De Funès,1949,\N,"actor,writer,soundtrack","tt0065848,tt0064425,tt0060475,tt0250077"
nm0000360,Rebecca De Mornay,1959,\N,"actress,soundtrack,producer","tt0396269,tt0089941,tt0086200,tt0104389"
nm0000361,Brian De Palma,1940,\N,"director,writer,producer","tt0080661,tt0094226,tt0120832,tt0086984"
nm0000362,Danny DeVito,1944,\N,"actor,producer,director","tt0098621,tt0119488,tt0117008,tt0103776"
nm0000363,Loren Dean,1969,\N,"actor,soundtrack","tt0112384,tt7959026,tt0119177,tt2935510"
nm0000364,Sandra Dee,1942,2005,"actress,soundtrack","tt0054759,tt0056093,tt0052847,tt0052918"
nm0000365,Julie Delpy,1969,\N,"actress,writer,producer","tt0111507,tt0112471,tt0381681,tt0841044"
nm0000366,Catherine Deneuve,1943,\N,"actress,soundtrack,producer","tt0059646,tt0061395,tt0168629,tt0283832"
nm0000367,Gérard Depardieu,1948,\N,"actor,producer,soundtrack","tt0099699,tt0099334,tt0103594,tt0120744"
nm0000368,Laura Dern,1967,\N,"actress,producer,writer","tt7653254,tt2305051,tt0107290,tt0090756"
nm0000369,Matt Dillon,1964,\N,"actor,director,producer","tt0097240,tt0129387,tt0375679,tt4003440"
nm0000370,Walt Disney,1901,1966,"producer,actor,miscellaneous","tt0058331,tt0048280,tt0034492,tt0029583"
nm0000371,Ami Dolenz,1969,\N,"actress,producer,miscellaneous","tt0107949,tt0092718,tt0056758,tt0110913"
nm0000372,Amanda Donohoe,1962,\N,"actress,producer","tt0110428,tt0090466,tt0119528,tt0095488"
nm0000373,Michael Dorn,1952,\N,"actor,director,soundtrack","tt0111280,tt0117731,tt0120844,tt0102975"
nm0000374,Brad Dourif,1950,\N,actor,"tt0073486,tt0095647,tt0099528,tt0167261"
nm0000375,Robert Downey Jr.,1965,\N,"actor,producer,soundtrack","tt0988045,tt0371746,tt1300854,tt4154796"
nm0000376,Fran Drescher,1957,\N,"writer,actress,producer","tt0118691,tt0098546,tt0106080,tt0837562"
nm0000377,Richard Dreyfuss,1947,\N,"actor,producer,soundtrack","tt0076095,tt0075860,tt0113862,tt0073195"
nm0000378,Minnie Driver,1970,\N,"actress,soundtrack,producer","tt0119217,tt5592146,tt0496343,tt0112679"
nm0000379,Kirsten Dunst,1982,\N,"actress,producer,soundtrack","tt0145487,tt1527186,tt0110367,tt0110148"
nm0000380,Robert Duvall,1931,\N,"actor,producer,soundtrack","tt0316356,tt0086423,tt0118632,tt1872194"
nm0000381,Anthony Edwards,1962,\N,"actor,producer,director","tt0108757,tt0088000,tt0443706,tt0092099"
nm0000382,Atom Egoyan,1960,\N,"director,writer,producer","tt1352824,tt0120255,tt0273435,tt2326612"
nm0000383,Jennifer Ehle,1969,\N,actress,"tt0112130,tt4919484,tt2392830,tt1790885"
nm0000384,Danny Elfman,1953,\N,"music_department,soundtrack,composer","tt0121164,tt0367594,tt0107688,tt0119654"
nm0000385,Sam Elliott,1944,\N,"actor,producer,soundtrack","tt1517451,tt0286716,tt0098206,tt5655222"
nm0000386,Roland Emmerich,1955,\N,"writer,producer,director","tt0116629,tt0319262,tt1628841,tt0120685"
nm0000387,Robert Englund,1947,\N,"actor,miscellaneous,soundtrack","tt0329101,tt0093629,tt0087800,tt0095742"
nm0000388,R. Lee Ermey,1944,2018,"actor,miscellaneous,producer","tt0093058,tt0324216,tt0095647,tt0114369"
nm0000389,Emilio Estevez,1962,\N,"actor,director,producer","tt0100994,tt0308055,tt1441912,tt3294746"
nm0000390,Joe Eszterhas,1944,\N,"writer,producer,miscellaneous","tt0114436,tt0118577,tt0108162,tt0103772"
nm0000391,Rupert Everett,1959,\N,"actor,soundtrack,producer","tt2404639,tt0119738,tt0122541,tt0109592"
nm0000392,Morgan Fairchild,1950,\N,"actress,soundtrack,producer","tt1754944,tt0081858,tt0084652,tt0108778"
nm0000393,Peter Falk,1927,2011,"actor,producer,soundtrack","tt1466074,tt0074937,tt0093779,tt0281322"
nm0000394,Chris Farley,1964,1997,"actor,soundtrack,stunts","tt0118708,tt0114694,tt0115697,tt0106598"
nm0000395,Terry Farrell,1963,\N,"actress,soundtrack","tt0174378,tt0106145,tt0104409,tt0090685"
nm0000396,Farrah Fawcett,1947,2009,"actress,producer,soundtrack","tt0079285,tt0091024,tt0074812,tt0082136"
nm0000397,Corey Feldman,\N,\N,"actor,producer,soundtrack","tt0093437,tt0092005,tt0089218,tt0096734"
nm0000398,Sally Field,1946,\N,"actress,producer,soundtrack","tt0109830,tt0443272,tt0098384,tt0076729"
nm0000399,David Fincher,1962,\N,"producer,director,writer","tt0443706,tt1285016,tt2267998,tt0114369"
nm0000400,Linda Fiorentino,1958,\N,"actress,soundtrack","tt0110308,tt0120655,tt0119654,tt0088680"
nm0000401,Laurence Fishburne,1961,\N,"actor,producer,director","tt0234215,tt1598778,tt0133093,tt0327056"
nm0000402,Carrie Fisher,1956,2016,"actress,miscellaneous,soundtrack","tt0086190,tt0076759,tt0080684,tt2527336"
nm0000403,Bridget Fonda,1964,\N,"actress,soundtrack","tt0105414,tt0120324,tt0139414,tt0107843"
nm0000404,Jane Fonda,1937,\N,"actress,producer,soundtrack","tt3312830,tt0077362,tt0067309,tt0062711"
nm0000405,Michelle Forbes,1965,\N,actress,"tt0107302,tt1951266,tt0116225,tt0844441"
nm0000406,John Ford,1894,1973,"director,producer,actor","tt0031971,tt0032551,tt0033729,tt0045061"
nm0000407,Vivica A. Fox,1964,\N,"actress,producer,director","tt0373474,tt0266697,tt0118688,tt0116629"
nm0000408,Jonathan Frakes,1952,\N,"actor,director,producer","tt0111280,tt0117731,tt0120844,tt0253754"
nm0000409,Brendan Fraser,1968,\N,"actor,producer,soundtrack","tt0120616,tt0375679,tt0209163,tt13833688"
nm0000410,Stephen Fry,1957,\N,"actor,writer,producer","tt0280707,tt0434409,tt0371724,tt0120514"
nm0000411,Edward Furlong,1977,\N,"actor,producer,soundtrack","tt0120586,tt0103064,tt0165710,tt0990407"
nm0000412,Andy Garcia,1956,\N,"actor,producer,soundtrack","tt0240772,tt0349903,tt0343996,tt0099674"
nm0000413,Janeane Garofalo,1964,\N,"actress,writer,producer","tt0117979,tt0382932,tt0243655,tt0132347"
nm0000414,Teri Garr,1947,\N,"actress,soundtrack,miscellaneous","tt0084805,tt0075860,tt0072431,tt0085970"
nm0000415,Jami Gertz,1965,\N,"actress,producer,executive","tt0088128,tt0320970,tt0117998,tt0093437"
nm0000416,Terry Gilliam,1940,\N,"writer,actor,animation_department","tt0088846,tt1054606,tt0081633,tt0071853"
nm0000417,Crispin Glover,1964,\N,"actor,soundtrack,producer","tt1898069,tt0310357,tt0118141,tt0091860"
nm0000418,Danny Glover,1946,\N,"actor,producer,director","tt0097733,tt0122151,tt1190080,tt0093409"
nm0000419,Jean-Luc Godard,1930,2022,"director,writer,editor","tt0059592,tt0058898,tt0057869,tt0056663"
nm0000420,Valeria Golino,1965,\N,"actress,director,producer","tt0095953,tt8613070,tt0107144,tt0102059"
nm0000421,Cuba Gooding Jr.,1968,\N,"actor,soundtrack,writer","tt0316465,tt0203019,tt0116695,tt0101507"
nm0000422,John Goodman,1952,\N,"actor,soundtrack,producer","tt1907668,tt0101410,tt1024648,tt1179933"
nm0000423,Serena Grandi,1958,\N,actress,"tt0104123,tt0089271,tt2358891,tt0089598"
nm0000424,Hugh Grant,1960,\N,"actor,soundtrack","tt0276751,tt0109831,tt0314331,tt0125439"
nm0000425,Peter Greenaway,1942,\N,"director,writer,editor","tt0092929,tt0097108,tt0446750,tt1702429"
nm0000426,Jennifer Grey,1960,\N,"actress,producer,soundtrack","tt0091042,tt0092890,tt2013293,tt0087985"
nm0000427,Pam Grier,1949,\N,"actress,soundtrack,writer","tt0228333,tt0119396,tt0069897,tt0071517"
nm0000428,D.W. Griffith,1875,1948,"director,writer,producer","tt0010484,tt0009968,tt0006864,tt0004972"
nm0000429,Melanie Griffith,1957,\N,"actress,producer","tt0091983,tt0117107,tt0086984,tt0096463"
nm0000430,Steve Guttenberg,1958,\N,"actor,producer,soundtrack","tt0091949,tt0098966,tt0087928,tt0094137"
nm0000431,Taylor Hackford,1944,\N,"producer,director,writer","tt0084434,tt0109642,tt0350258,tt0106469"
nm0000432,Gene Hackman,1930,\N,"actor,soundtrack,producer","tt0105695,tt0095647,tt0265666,tt0067116"
nm0000433,Corey Haim,1971,2010,"actor,producer,soundtrack","tt0090021,tt0091445,tt0093437,tt0095519"
nm0000434,Mark Hamill,\N,\N,"actor,soundtrack,producer","tt2527336,tt0080684,tt0076759,tt0086190"
nm0000435,Daryl Hannah,1960,\N,"actress,producer,director","tt0378194,tt0088161,tt0083658,tt0094291"
nm0000436,Curtis Hanson,1945,2016,"director,producer,writer","tt0104389,tt0388125,tt0298203,tt0119488"
nm0000437,Woody Harrelson,1961,\N,"actor,producer,soundtrack","tt1156398,tt0110632,tt2356777,tt0117318"
nm0000438,Ed Harris,1950,\N,"actor,producer,director","tt0112384,tt0120382,tt0800308,tt0183659"
nm0000439,Neil Patrick Harris,1973,\N,"actor,producer,soundtrack","tt0120201,tt2267998,tt0460649,tt4834206"
nm0000440,Nina Hartley,1959,\N,"actress,director,producer","tt0189990,tt1282224,tt0118749,tt0167019"
nm0000441,Noah Hathaway,1971,\N,"actor,miscellaneous,producer","tt0076984,tt0092115,tt0077215,tt0088323"
nm0000442,Rutger Hauer,1944,2019,"actor,producer,director","tt0091209,tt1640459,tt0083658,tt0401792"
nm0000443,Goldie Hawn,1945,\N,"actress,soundtrack,producer","tt0104070,tt0093693,tt0116313,tt0081375"
nm0000444,Glenne Headly,1955,2017,actress,"tt0113862,tt0095031,tt2229499,tt0099422"
nm0000445,Dan Hedaya,1940,\N,"actor,soundtrack","tt0088944,tt0166924,tt0114814,tt0112697"
nm0000446,Mariel Hemingway,1961,\N,"actress,producer,soundtrack","tt0079522,tt0088960,tt0094074,tt0159730"
nm0000447,Marilu Henner,1952,\N,"actress,miscellaneous,producer","tt0087507,tt0105017,tt0102250,tt0077089"
nm0000448,Lance Henriksen,1940,\N,"actor,producer,miscellaneous","tt0090605,tt0114214,tt0370263,tt0107076"
nm0000449,Natasha Henstridge,1974,\N,"actress,producer,soundtrack","tt0190138,tt0228333,tt0114508,tt0120841"
nm0000450,Philip Seymour Hoffman,1967,2014,"actor,producer,soundtrack","tt0181875,tt0292963,tt0379725,tt1560747"
nm0000451,Gaby Hoffmann,1982,\N,"actress,soundtrack,director","tt0097351,tt0098554,tt0114011,tt0116242"
nm0000452,Lauren Holly,1963,\N,"actress,producer,soundtrack","tt0109686,tt0103512,tt0207201,tt0106770"
nm0000453,Ian Holm,1931,2020,"actor,soundtrack,animation_department","tt0382932,tt0167260,tt0088846,tt0120737"
nm0000454,Dennis Hopper,1936,2010,"actor,director,writer","tt0111257,tt0090756,tt0114898,tt0064276"
nm0000455,John Hughes,1950,2009,"writer,producer,director","tt0090305,tt0098554,tt0088847,tt0093748"
nm0000456,Holly Hunter,1958,\N,"actress,producer,soundtrack","tt0107822,tt0328538,tt3606756,tt0092699"
nm0000457,John Hurt,1940,2017,"actor,soundtrack","tt0078748,tt0077928,tt0087803,tt0080678"
nm0000458,William Hurt,1950,2022,"actor,producer","tt0120738,tt0092699,tt0080360,tt0399146"
nm0000459,Timothy Hutton,1960,\N,"actor,producer,director","tt1103987,tt0081283,tt0343737,tt0115639"
nm0000460,Jeremy Irons,1948,\N,"actor,soundtrack,producer","tt0094964,tt0110357,tt0119558,tt2094766"
nm0000461,Michael Ironside,1950,\N,"actor,producer,writer","tt0092099,tt0120201,tt0100802,tt0081455"
nm0000462,Kate Jackson,1948,\N,"actress,producer,director","tt0085088,tt0084293,tt0073972,tt0059978"
nm0000463,Famke Janssen,1964,\N,"actress,writer,director","tt0120903,tt0376994,tt0185371,tt0113189"
nm0000464,Jim Jarmusch,1953,\N,"director,writer,actor","tt1714915,tt0412019,tt5247022,tt0088184"
nm0000465,Ron Jeremy,1953,\N,"actor,director,writer","tt0120577,tt0124819,tt0144117,tt0165710"
nm0000466,Jean-Pierre Jeunet,1953,\N,"director,writer,producer","tt0344510,tt0101700,tt0211915,tt1149361"
nm0000467,Don Johnson,1949,\N,"actor,producer,soundtrack","tt0072730,tt0086759,tt1853728,tt8946378"
nm0000468,Lynn-Holly Johnson,1958,\N,"actress,director","tt0088395,tt0081738,tt0077716,tt0082398"
nm0000469,James Earl Jones,1931,\N,"actor,soundtrack","tt3748528,tt0086190,tt0097351,tt6105098"
nm0000470,Jeffrey Jones,1946,\N,"actor,soundtrack,miscellaneous","tt0086879,tt0091042,tt0091225,tt0109707"
nm0000471,Raul Julia,1940,1994,"actor,soundtrack","tt0089424,tt0100404,tt0101272,tt0111301"
nm0000472,Boris Karloff,1887,1969,"actor,soundtrack","tt0026138,tt0023194,tt0023245,tt0024894"
nm0000473,Diane Keaton,1946,\N,"actress,producer,director","tt0337741,tt0082979,tt0356680,tt0075686"
nm0000474,Michael Keaton,1951,\N,"actor,miscellaneous,producer","tt0096895,tt2562232,tt1895587,tt4276820"
nm0000475,Patsy Kensit,1968,\N,"actress,soundtrack,composer","tt0090585,tt0071577,tt0068069,tt0097733"
nm0000476,Sally Kirkland,1941,\N,"actress,producer,miscellaneous","tt0070735,tt0092569,tt0102138,tt3216866"
nm0000477,Mia Kirshner,1975,\N,actress,"tt0285331,tt0115986,tt0277371,tt0387877"
nm0000478,Tawny Kitaen,1961,2021,"actress,producer","tt0087903,tt0086927,tt0090327,tt2797190"
nm0000479,Walter Koenig,1936,\N,"actor,writer,producer","tt0084726,tt0102975,tt0092007,tt0060028"
nm0000480,Elias Koteas,1961,\N,"actor,producer","tt0120863,tt0115964,tt0822854,tt0100758"
nm0000481,Alice Krige,1954,\N,"actress,producer,writer","tt0384537,tt9086228,tt0105428,tt0117731"
nm0000482,Sylvia Kristel,1952,2012,"actress,soundtrack,director","tt0071464,tt0077497,tt0081249,tt0078740"
nm0000483,Christopher Lambert,1957,\N,"actor,producer,writer","tt0120604,tt0113855,tt0106950,tt0091203"
nm0000484,John Landis,1950,\N,"producer,director,actor","tt0080455,tt0067716,tt0118747,tt0086491"
nm0000485,Fritz Lang,1890,1976,"writer,director,producer","tt0057345,tt0017136,tt0022100,tt0038057"
nm0000486,Heather Langenkamp,1964,\N,"actress,special_effects,make_up_department","tt0087800,tt13444912,tt0111686,tt0094490"
nm0000487,Ang Lee,1954,\N,"director,producer,writer","tt0454876,tt0190332,tt0808357,tt0107156"
nm0000488,Brandon Lee,1965,1993,"actor,miscellaneous","tt0102915,tt0105219,tt0099978,tt0109506"
nm0000489,Christopher Lee,1922,2015,"actor,soundtrack,miscellaneous","tt0121765,tt0167261,tt0120737,tt0070917"
nm0000490,Spike Lee,1957,\N,"director,producer,writer","tt0091939,tt0097216,tt0102175,tt0104797"
nm0000491,John Leguizamo,1960,\N,"actor,producer,writer","tt0162677,tt0120177,tt0117509,tt0203009"
nm0000492,Jennifer Jason Leigh,1962,\N,"actress,producer,soundtrack","tt0108122,tt3460252,tt0105414,tt0109642"
nm0000493,Jack Lemmon,1925,2001,"actor,soundtrack,producer","tt0104348,tt0053291,tt0053604,tt0078966"
nm0000494,Robert Sean Leonard,1969,\N,"actor,soundtrack","tt0106226,tt0097165,tt0412142,tt0107616"
nm0000495,Téa Leoni,1966,\N,"actress,producer,soundtrack","tt0163025,tt0120647,tt0218967,tt0112442"
nm0000496,Juliette Lewis,1973,\N,"actress,soundtrack,director","tt1322269,tt0116367,tt0101540,tt0110632"
nm0000497,Jennifer Lien,1974,\N,"actress,producer,script_department","tt0112178,tt0133189,tt0106100,tt0120586"
nm0000498,Matthew Lillard,1970,\N,"actor,producer,soundtrack","tt0331632,tt0267913,tt0133189,tt1033575"
nm0000499,Bai Ling,\N,\N,"actress,producer,writer","tt0109506,tt0119994,tt0405336,tt1121931"
nm0000500,Richard Linklater,1960,\N,"producer,director,writer","tt2209418,tt0405296,tt1065073,tt0243017"
